mean_fit_time,std_fit_time,mean_score_time,std_score_time,param_max_depth,param_max_features,param_min_samples_leaf,param_min_samples_split,param_n_estimators,params,split0_test_score,split1_test_score,split2_test_score,split3_test_score,split4_test_score,mean_test_score,std_test_score,rank_test_score
0.15770277976989747,0.003966889598388373,0.015970134735107423,0.0019121609335535944,,sqrt,1,2,50,"{'max_depth': None, 'max_features': 'sqrt', 'min_samples_leaf': 1, 'min_samples_split': 2, 'n_estimators': 50}",0.9734513274336283,0.9642857142857143,0.9380530973451328,0.9655172413793104,0.9824561403508771,0.9647527041589326,0.014850921187534916,109
0.309844970703125,0.012179057996868074,0.024578094482421875,0.0011644626812841571,,sqrt,1,2,100,"{'max_depth': None, 'max_features': 'sqrt', 'min_samples_leaf': 1, 'min_samples_split': 2, 'n_estimators': 100}",0.9734513274336283,0.9642857142857143,0.9464285714285714,0.9743589743589743,0.9911504424778761,0.9699350059969529,0.01460477812598703,16
0.6156042575836181,0.020910022687326335,0.03881826400756836,0.0008873478499812565,,sqrt,1,2,200,"{'max_depth': None, 'max_features': 'sqrt', 'min_samples_leaf': 1, 'min_samples_split': 2, 'n_estimators': 200}",0.9739130434782609,0.9642857142857143,0.9464285714285714,0.9743589743589743,0.9911504424778761,0.9700273492058795,0.014628160171135949,13
0.15775890350341798,0.004334034436641776,0.014761686325073242,0.00010893657704464257,,sqrt,1,5,50,"{'max_depth': None, 'max_features': 'sqrt', 'min_samples_leaf': 1, 'min_samples_split': 5, 'n_estimators': 50}",0.9482758620689655,0.9642857142857143,0.9464285714285714,0.9655172413793104,0.9824561403508771,0.9613927059026878,0.013153147713555462,142
0.30347719192504885,0.007112946486901318,0.022835206985473634,0.00167832731214651,,sqrt,1,5,100,"{'max_depth': None, 'max_features': 'sqrt', 'min_samples_leaf': 1, 'min_samples_split': 5, 'n_estimators': 100}",0.9565217391304348,0.9734513274336283,0.9464285714285714,0.9743589743589743,0.9824561403508771,0.9666433505404971,0.013168204387487089,76
0.6245502948760986,0.016216978156522188,0.041505622863769534,0.0022982495994016703,,sqrt,1,5,200,"{'max_depth': None, 'max_features': 'sqrt', 'min_samples_leaf': 1, 'min_samples_split': 5, 'n_estimators': 200}",0.9565217391304348,0.9734513274336283,0.9464285714285714,0.9743589743589743,0.9824561403508771,0.9666433505404971,0.013168204387487089,76
0.15939044952392578,0.007812915261334161,0.016359615325927734,0.0018793304921515958,,sqrt,1,10,50,"{'max_depth': None, 'max_features': 'sqrt', 'min_samples_leaf': 1, 'min_samples_split': 10, 'n_estimators': 50}",0.9565217391304348,0.954954954954955,0.9464285714285714,0.9655172413793104,0.9739130434782609,0.9594671100743065,0.009426848089936482,157
0.3205410957336426,0.0069500692069251815,0.02213602066040039,0.0004131468981878608,,sqrt,1,10,100,"{'max_depth': None, 'max_features': 'sqrt', 'min_samples_leaf': 1, 'min_samples_split': 10, 'n_estimators': 100}",0.9565217391304348,0.9642857142857143,0.9464285714285714,0.9655172413793104,0.9739130434782609,0.9613332619404582,0.0092711823770336,148
0.6186621189117432,0.005524384508789512,0.039271211624145506,0.001582853707533858,,sqrt,1,10,200,"{'max_depth': None, 'max_features': 'sqrt', 'min_samples_leaf': 1, 'min_samples_split': 10, 'n_estimators': 200}",0.9655172413793104,0.9642857142857143,0.9464285714285714,0.9655172413793104,0.9739130434782609,0.9631323623902335,0.009032665535627303,124
0.1601541519165039,0.006210288396876691,0.014401578903198242,0.0008546662419450869,,sqrt,2,2,50,"{'max_depth': None, 'max_features': 'sqrt', 'min_samples_leaf': 2, 'min_samples_split': 2, 'n_estimators': 50}",0.9565217391304348,0.954954954954955,0.9369369369369369,0.9743589743589743,0.9911504424778761,0.9627846095718354,0.018478179644680744,136
0.3047358989715576,0.0034644110595850926,0.0214752197265625,0.0014994120336238141,,sqrt,2,2,100,"{'max_depth': None, 'max_features': 'sqrt', 'min_samples_leaf': 2, 'min_samples_split': 2, 'n_estimators': 100}",0.9649122807017544,0.9642857142857143,0.9464285714285714,0.9743589743589743,0.9824561403508771,0.9664883362251782,0.012055267490571597,88
0.6112752914428711,0.013549586486596595,0.03978009223937988,0.0009286738464333357,,sqrt,2,2,200,"{'max_depth': None, 'max_features': 'sqrt', 'min_samples_leaf': 2, 'min_samples_split': 2, 'n_estimators': 200}",0.9655172413793104,0.9734513274336283,0.9464285714285714,0.9743589743589743,0.9824561403508771,0.9684424509902723,0.012244552471347163,28
0.14834370613098144,0.006335787791217678,0.01450204849243164,0.0006108776261790542,,sqrt,2,5,50,"{'max_depth': None, 'max_features': 'sqrt', 'min_samples_leaf': 2, 'min_samples_split': 5, 'n_estimators': 50}",0.9565217391304348,0.954954954954955,0.9464285714285714,0.9743589743589743,0.9911504424778761,0.9646829364701623,0.01605375465705103,112
0.30931572914123534,0.0027400639606814056,0.02148919105529785,0.0011101808020056992,,sqrt,2,5,100,"{'max_depth': None, 'max_features': 'sqrt', 'min_samples_leaf': 2, 'min_samples_split': 5, 'n_estimators': 100}",0.9739130434782609,0.9734513274336283,0.9464285714285714,0.9661016949152542,0.9911504424778761,0.970209015946718,0.014457907016083786,7
0.605486536026001,0.018711284838279284,0.042176103591918944,0.0065627023881453,,sqrt,2,5,200,"{'max_depth': None, 'max_features': 'sqrt', 'min_samples_leaf': 2, 'min_samples_split': 5, 'n_estimators': 200}",0.9655172413793104,0.9642857142857143,0.9464285714285714,0.9743589743589743,0.9824561403508771,0.9666093283606895,0.012041870702250879,82
0.15907888412475585,0.006601405748517723,0.01519479751586914,0.0016867656371295542,,sqrt,2,10,50,"{'max_depth': None, 'max_features': 'sqrt', 'min_samples_leaf': 2, 'min_samples_split': 10, 'n_estimators': 50}",0.9482758620689655,0.954954954954955,0.9369369369369369,0.9743589743589743,0.9739130434782609,0.9576879543596185,0.014613951661593148,160
0.31508569717407225,0.005734620444464086,0.025505638122558592,0.003772498087523367,,sqrt,2,10,100,"{'max_depth': None, 'max_features': 'sqrt', 'min_samples_leaf': 2, 'min_samples_split': 10, 'n_estimators': 100}",0.9655172413793104,0.9642857142857143,0.9464285714285714,0.9655172413793104,0.9739130434782609,0.9631323623902335,0.009032665535627303,124
0.6321990013122558,0.026031935553386606,0.04319639205932617,0.0074924132368710435,,sqrt,2,10,200,"{'max_depth': None, 'max_features': 'sqrt', 'min_samples_leaf': 2, 'min_samples_split': 10, 'n_estimators': 200}",0.9655172413793104,0.9642857142857143,0.9464285714285714,0.9655172413793104,0.9739130434782609,0.9631323623902335,0.009032665535627303,124
0.16696596145629883,0.014486669237959333,0.013822507858276368,0.0005808893867874676,,sqrt,4,2,50,"{'max_depth': None, 'max_features': 'sqrt', 'min_samples_leaf': 4, 'min_samples_split': 2, 'n_estimators': 50}",0.9482758620689655,0.954954954954955,0.9464285714285714,0.9743589743589743,0.9824561403508771,0.9612949006324687,0.01448562120906093,151
0.30387344360351565,0.014302669730727177,0.022404193878173828,0.0001372480318734573,,sqrt,4,2,100,"{'max_depth': None, 'max_features': 'sqrt', 'min_samples_leaf': 4, 'min_samples_split': 2, 'n_estimators': 100}",0.9565217391304348,0.9642857142857143,0.9464285714285714,0.9661016949152542,0.9824561403508771,0.9631587720221703,0.011885024492543654,118
0.5869319438934326,0.06766359476204606,0.03228826522827148,0.005829849147095224,,sqrt,4,2,200,"{'max_depth': None, 'max_features': 'sqrt', 'min_samples_leaf': 4, 'min_samples_split': 2, 'n_estimators': 200}",0.9655172413793104,0.9642857142857143,0.9464285714285714,0.9743589743589743,0.9739130434782609,0.9649007089861662,0.01012580024965875,97
0.14751501083374025,0.0031582375315580688,0.010649681091308594,0.002039044926218763,,sqrt,4,5,50,"{'max_depth': None, 'max_features': 'sqrt', 'min_samples_leaf': 4, 'min_samples_split': 5, 'n_estimators': 50}",0.9482758620689655,0.954954954954955,0.9464285714285714,0.9743589743589743,0.9824561403508771,0.9612949006324687,0.01448562120906093,151
0.24966826438903808,0.02233444402012066,0.015535211563110352,0.001383565842208271,,sqrt,4,5,100,"{'max_depth': None, 'max_features': 'sqrt', 'min_samples_leaf': 4, 'min_samples_split': 5, 'n_estimators': 100}",0.9565217391304348,0.9642857142857143,0.9464285714285714,0.9661016949152542,0.9824561403508771,0.9631587720221703,0.011885024492543654,118
0.47585501670837405,0.08838029133868902,0.025959157943725587,0.000998617561644987,,sqrt,4,5,200,"{'max_depth': None, 'max_features': 'sqrt', 'min_samples_leaf': 4, 'min_samples_split': 5, 'n_estimators': 200}",0.9655172413793104,0.9642857142857143,0.9464285714285714,0.9743589743589743,0.9739130434782609,0.9649007089861662,0.01012580024965875,97
0.10962786674499511,0.010094087522602246,0.01089339256286621,0.0023633576496585548,,sqrt,4,10,50,"{'max_depth': None, 'max_features': 'sqrt', 'min_samples_leaf': 4, 'min_samples_split': 10, 'n_estimators': 50}",0.9482758620689655,0.954954954954955,0.9464285714285714,0.9743589743589743,0.9911504424778761,0.9630337610578685,0.017190714026065333,133
0.21601247787475586,0.011633786429547512,0.015240097045898437,0.0008948788427155237,,sqrt,4,10,100,"{'max_depth': None, 'max_features': 'sqrt', 'min_samples_leaf': 4, 'min_samples_split': 10, 'n_estimators': 100}",0.9565217391304348,0.9642857142857143,0.9464285714285714,0.9572649572649573,0.9824561403508771,0.9613914244921109,0.011972699835204116,145
0.5030736923217773,0.11826290907121827,0.02874898910522461,0.0051808172384494935,,sqrt,4,10,200,"{'max_depth': None, 'max_features': 'sqrt', 'min_samples_leaf': 4, 'min_samples_split': 10, 'n_estimators': 200}",0.9565217391304348,0.9642857142857143,0.9464285714285714,0.9661016949152542,0.9739130434782609,0.961450152647647,0.009326715019173046,139
0.11536283493041992,0.01220543132798838,0.0105010986328125,0.0020934930641041184,,log2,1,2,50,"{'max_depth': None, 'max_features': 'log2', 'min_samples_leaf': 1, 'min_samples_split': 2, 'n_estimators': 50}",0.9739130434782609,0.9734513274336283,0.9380530973451328,0.9743589743589743,0.9827586206896551,0.9685070126611303,0.015610676878028092,19
0.2087076187133789,0.012537704991202358,0.015087509155273437,0.0009594321670828215,,log2,1,2,100,"{'max_depth': None, 'max_features': 'log2', 'min_samples_leaf': 1, 'min_samples_split': 2, 'n_estimators': 100}",0.9734513274336283,0.9824561403508771,0.9464285714285714,0.9655172413793104,0.9911504424778761,0.9718007446140527,0.01532254727144896,1
0.5043070316314697,0.0731188340715192,0.030637550354003906,0.005178738349011249,,log2,1,2,200,"{'max_depth': None, 'max_features': 'log2', 'min_samples_leaf': 1, 'min_samples_split': 2, 'n_estimators': 200}",0.9649122807017544,0.9734513274336283,0.9464285714285714,0.9743589743589743,0.9824561403508771,0.9683214588547611,0.012275808581364102,43
0.11159114837646485,0.01350207570726907,0.009939622879028321,0.0007803596255508249,,log2,1,5,50,"{'max_depth': None, 'max_features': 'log2', 'min_samples_leaf': 1, 'min_samples_split': 5, 'n_estimators': 50}",0.9655172413793104,0.9824561403508771,0.9464285714285714,0.9655172413793104,0.9824561403508771,0.9684750669777895,0.013375247705153356,22
0.2040562152862549,0.005170994207934469,0.014828348159790039,0.0001909267294980731,,log2,1,5,100,"{'max_depth': None, 'max_features': 'log2', 'min_samples_leaf': 1, 'min_samples_split': 5, 'n_estimators': 100}",0.9739130434782609,0.9734513274336283,0.9464285714285714,0.9655172413793104,0.9824561403508771,0.9683532648141295,0.012202685676891256,40
0.4237200260162354,0.01351112031123714,0.027944040298461915,0.0033309244830701623,,log2,1,5,200,"{'max_depth': None, 'max_features': 'log2', 'min_samples_leaf': 1, 'min_samples_split': 5, 'n_estimators': 200}",0.9655172413793104,0.9642857142857143,0.9464285714285714,0.9743589743589743,0.9824561403508771,0.9666093283606895,0.012041870702250879,82
0.11550378799438477,0.016459082683086754,0.009537839889526367,0.00033026089254736336,,log2,1,10,50,"{'max_depth': None, 'max_features': 'log2', 'min_samples_leaf': 1, 'min_samples_split': 10, 'n_estimators': 50}",0.9655172413793104,0.9824561403508771,0.9464285714285714,0.9655172413793104,0.9739130434782609,0.966766447603266,0.011949816155841772,46
0.20425748825073242,0.0036418039332204526,0.015777015686035158,0.0008805438417900525,,log2,1,10,100,"{'max_depth': None, 'max_features': 'log2', 'min_samples_leaf': 1, 'min_samples_split': 10, 'n_estimators': 100}",0.9655172413793104,0.9734513274336283,0.9464285714285714,0.9655172413793104,0.9911504424778761,0.9684129648197393,0.014439265697034803,34
0.5169679164886475,0.0887165454920249,0.032095813751220705,0.006437057288442047,,log2,1,10,200,"{'max_depth': None, 'max_features': 'log2', 'min_samples_leaf': 1, 'min_samples_split': 10, 'n_estimators': 200}",0.9572649572649573,0.9734513274336283,0.9464285714285714,0.9655172413793104,0.9824561403508771,0.9650236475714689,0.012499082840295278,91
0.13593955039978028,0.02033867561740544,0.012303972244262695,0.005042104986597665,,log2,2,2,50,"{'max_depth': None, 'max_features': 'log2', 'min_samples_leaf': 2, 'min_samples_split': 2, 'n_estimators': 50}",0.9739130434782609,0.9824561403508771,0.9464285714285714,0.9743589743589743,0.9739130434782609,0.9702139546189888,0.012330152232892286,4
0.22954635620117186,0.012591488869591364,0.015194034576416016,0.0005537988602940282,,log2,2,2,100,"{'max_depth': None, 'max_features': 'log2', 'min_samples_leaf': 2, 'min_samples_split': 2, 'n_estimators': 100}",0.9655172413793104,0.9734513274336283,0.9464285714285714,0.9743589743589743,0.9739130434782609,0.966733831615749,0.010663885951725073,52
0.4404478073120117,0.07012601961148437,0.02919158935546875,0.005163131859448154,,log2,2,2,200,"{'max_depth': None, 'max_features': 'log2', 'min_samples_leaf': 2, 'min_samples_split': 2, 'n_estimators': 200}",0.9655172413793104,0.9734513274336283,0.9464285714285714,0.9743589743589743,0.9824561403508771,0.9684424509902723,0.012244552471347163,28
0.10451273918151856,0.0038868156589429727,0.009354209899902344,0.0002603201880295239,,log2,2,5,50,"{'max_depth': None, 'max_features': 'log2', 'min_samples_leaf': 2, 'min_samples_split': 5, 'n_estimators': 50}",0.9655172413793104,0.9824561403508771,0.9464285714285714,0.9655172413793104,0.9824561403508771,0.9684750669777895,0.013375247705153356,22
0.21814117431640626,0.022722734867017567,0.017667675018310548,0.006027208220717336,,log2,2,5,100,"{'max_depth': None, 'max_features': 'log2', 'min_samples_leaf': 2, 'min_samples_split': 5, 'n_estimators': 100}",0.9655172413793104,0.9734513274336283,0.9464285714285714,0.9655172413793104,0.9911504424778761,0.9684129648197393,0.014439265697034803,34
0.44493603706359863,0.06708740667254016,0.028613758087158204,0.005218700854854365,,log2,2,5,200,"{'max_depth': None, 'max_features': 'log2', 'min_samples_leaf': 2, 'min_samples_split': 5, 'n_estimators': 200}",0.9655172413793104,0.9734513274336283,0.9464285714285714,0.9743589743589743,0.9911504424778761,0.9701813114156721,0.01451755169529848,10
0.10956006050109864,0.009755646714979607,0.010334491729736328,0.0013787220645228445,,log2,2,10,50,"{'max_depth': None, 'max_features': 'log2', 'min_samples_leaf': 2, 'min_samples_split': 10, 'n_estimators': 50}",0.9655172413793104,0.9734513274336283,0.9464285714285714,0.9655172413793104,0.9739130434782609,0.9649654850198163,0.0099628746804233,94
0.22735090255737306,0.04476982579413227,0.01665363311767578,0.003879318793811601,,log2,2,10,100,"{'max_depth': None, 'max_features': 'log2', 'min_samples_leaf': 2, 'min_samples_split': 10, 'n_estimators': 100}",0.9655172413793104,0.9734513274336283,0.9464285714285714,0.9655172413793104,0.9824561403508771,0.9666741043943397,0.011895895764479454,64
0.4451900482177734,0.0862805014650352,0.028478193283081054,0.004228331189383061,,log2,2,10,200,"{'max_depth': None, 'max_features': 'log2', 'min_samples_leaf': 2, 'min_samples_split': 10, 'n_estimators': 200}",0.9655172413793104,0.9734513274336283,0.9464285714285714,0.9655172413793104,0.9824561403508771,0.9666741043943397,0.011895895764479454,64
0.10949263572692872,0.018116960278268854,0.010804224014282226,0.0026668938257906095,,log2,4,2,50,"{'max_depth': None, 'max_features': 'log2', 'min_samples_leaf': 4, 'min_samples_split': 2, 'n_estimators': 50}",0.9655172413793104,0.9734513274336283,0.9464285714285714,0.9655172413793104,0.9824561403508771,0.9666741043943397,0.011895895764479454,64
0.1996668815612793,0.004752864837876113,0.015248537063598633,0.0005668088706767576,,log2,4,2,100,"{'max_depth': None, 'max_features': 'log2', 'min_samples_leaf': 4, 'min_samples_split': 2, 'n_estimators': 100}",0.9565217391304348,0.9734513274336283,0.9464285714285714,0.9655172413793104,0.9824561403508771,0.9648750039445645,0.012594523067358226,103
0.4515419006347656,0.08375876305445369,0.028794002532958985,0.005827665693586382,,log2,4,2,200,"{'max_depth': None, 'max_features': 'log2', 'min_samples_leaf': 4, 'min_samples_split': 2, 'n_estimators': 200}",0.9655172413793104,0.9734513274336283,0.9464285714285714,0.9743589743589743,0.9739130434782609,0.966733831615749,0.010663885951725073,52
0.10116829872131347,0.0030481863976604996,0.009575414657592773,0.00021345009145923072,,log2,4,5,50,"{'max_depth': None, 'max_features': 'log2', 'min_samples_leaf': 4, 'min_samples_split': 5, 'n_estimators': 50}",0.9655172413793104,0.9734513274336283,0.9464285714285714,0.9655172413793104,0.9824561403508771,0.9666741043943397,0.011895895764479454,64
0.20790233612060546,0.01045426542803607,0.015478038787841797,0.0005340618874174788,,log2,4,5,100,"{'max_depth': None, 'max_features': 'log2', 'min_samples_leaf': 4, 'min_samples_split': 5, 'n_estimators': 100}",0.9565217391304348,0.9734513274336283,0.9464285714285714,0.9655172413793104,0.9824561403508771,0.9648750039445645,0.012594523067358226,103
0.4794148921966553,0.1068266375729687,0.03489937782287598,0.014081931177632278,,log2,4,5,200,"{'max_depth': None, 'max_features': 'log2', 'min_samples_leaf': 4, 'min_samples_split': 5, 'n_estimators': 200}",0.9655172413793104,0.9734513274336283,0.9464285714285714,0.9743589743589743,0.9739130434782609,0.966733831615749,0.010663885951725073,52
0.10612993240356446,0.011060188604797254,0.009522390365600587,0.00028390066700808707,,log2,4,10,50,"{'max_depth': None, 'max_features': 'log2', 'min_samples_leaf': 4, 'min_samples_split': 10, 'n_estimators': 50}",0.9655172413793104,0.9824561403508771,0.9464285714285714,0.9655172413793104,0.9739130434782609,0.966766447603266,0.011949816155841772,46
0.20215392112731934,0.006801057195822414,0.016262531280517578,0.0016035406697064883,,log2,4,10,100,"{'max_depth': None, 'max_features': 'log2', 'min_samples_leaf': 4, 'min_samples_split': 10, 'n_estimators': 100}",0.9565217391304348,0.9734513274336283,0.9464285714285714,0.9655172413793104,0.9739130434782609,0.9631663845700411,0.01049859949623184,115
0.48608059883117677,0.14042133612276844,0.029490900039672852,0.006504819567860853,,log2,4,10,200,"{'max_depth': None, 'max_features': 'log2', 'min_samples_leaf': 4, 'min_samples_split': 10, 'n_estimators': 200}",0.9655172413793104,0.9734513274336283,0.9464285714285714,0.9743589743589743,0.9739130434782609,0.966733831615749,0.010663885951725073,52
0.14811697006225585,0.051216958809929526,0.02178192138671875,0.02306549502908177,10,sqrt,1,2,50,"{'max_depth': 10, 'max_features': 'sqrt', 'min_samples_leaf': 1, 'min_samples_split': 2, 'n_estimators': 50}",0.9734513274336283,0.9642857142857143,0.9380530973451328,0.9655172413793104,0.9824561403508771,0.9647527041589326,0.014850921187534916,109
0.2232903003692627,0.010786439385014703,0.015434551239013671,0.0007837815521621808,10,sqrt,1,2,100,"{'max_depth': 10, 'max_features': 'sqrt', 'min_samples_leaf': 1, 'min_samples_split': 2, 'n_estimators': 100}",0.9734513274336283,0.9642857142857143,0.9464285714285714,0.9743589743589743,0.9911504424778761,0.9699350059969529,0.01460477812598703,16
0.5300074577331543,0.11747570948531047,0.02817111015319824,0.003747851569705891,10,sqrt,1,2,200,"{'max_depth': 10, 'max_features': 'sqrt', 'min_samples_leaf': 1, 'min_samples_split': 2, 'n_estimators': 200}",0.9739130434782609,0.9642857142857143,0.9464285714285714,0.9743589743589743,0.9911504424778761,0.9700273492058795,0.014628160171135949,13
0.1141585350036621,0.01161937741508146,0.009208106994628906,0.0001596914472437369,10,sqrt,1,5,50,"{'max_depth': 10, 'max_features': 'sqrt', 'min_samples_leaf': 1, 'min_samples_split': 5, 'n_estimators': 50}",0.9482758620689655,0.9642857142857143,0.9464285714285714,0.9655172413793104,0.9824561403508771,0.9613927059026878,0.013153147713555462,142
0.2371598243713379,0.043860723400977096,0.01608695983886719,0.003071750874139115,10,sqrt,1,5,100,"{'max_depth': 10, 'max_features': 'sqrt', 'min_samples_leaf': 1, 'min_samples_split': 5, 'n_estimators': 100}",0.9565217391304348,0.9734513274336283,0.9464285714285714,0.9743589743589743,0.9824561403508771,0.9666433505404971,0.013168204387487089,76
0.42456369400024413,0.008556488692757254,0.027272605895996095,0.0015178388475691293,10,sqrt,1,5,200,"{'max_depth': 10, 'max_features': 'sqrt', 'min_samples_leaf': 1, 'min_samples_split': 5, 'n_estimators': 200}",0.9565217391304348,0.9734513274336283,0.9464285714285714,0.9743589743589743,0.9824561403508771,0.9666433505404971,0.013168204387487089,76
0.10697603225708008,0.003755059553939307,0.009588193893432618,0.0003088184012937453,10,sqrt,1,10,50,"{'max_depth': 10, 'max_features': 'sqrt', 'min_samples_leaf': 1, 'min_samples_split': 10, 'n_estimators': 50}",0.9565217391304348,0.954954954954955,0.9464285714285714,0.9655172413793104,0.9739130434782609,0.9594671100743065,0.009426848089936482,157
0.2607718467712402,0.06295220912692331,0.023285865783691406,0.014749318627272462,10,sqrt,1,10,100,"{'max_depth': 10, 'max_features': 'sqrt', 'min_samples_leaf': 1, 'min_samples_split': 10, 'n_estimators': 100}",0.9565217391304348,0.9642857142857143,0.9464285714285714,0.9655172413793104,0.9739130434782609,0.9613332619404582,0.0092711823770336,148
0.45144476890563967,0.011727659658782898,0.027059459686279298,0.0008638402093799427,10,sqrt,1,10,200,"{'max_depth': 10, 'max_features': 'sqrt', 'min_samples_leaf': 1, 'min_samples_split': 10, 'n_estimators': 200}",0.9655172413793104,0.9642857142857143,0.9464285714285714,0.9655172413793104,0.9739130434782609,0.9631323623902335,0.009032665535627303,124
0.137738037109375,0.04007276458717928,0.01299591064453125,0.003313778701879192,10,sqrt,2,2,50,"{'max_depth': 10, 'max_features': 'sqrt', 'min_samples_leaf': 2, 'min_samples_split': 2, 'n_estimators': 50}",0.9565217391304348,0.954954954954955,0.9369369369369369,0.9743589743589743,0.9911504424778761,0.9627846095718354,0.018478179644680744,136
0.24153523445129393,0.043654731350141314,0.01589236259460449,0.002032636225688003,10,sqrt,2,2,100,"{'max_depth': 10, 'max_features': 'sqrt', 'min_samples_leaf': 2, 'min_samples_split': 2, 'n_estimators': 100}",0.9649122807017544,0.9642857142857143,0.9464285714285714,0.9743589743589743,0.9824561403508771,0.9664883362251782,0.012055267490571597,88
0.453118896484375,0.03960767722991183,0.026313352584838866,0.0007867492235749778,10,sqrt,2,2,200,"{'max_depth': 10, 'max_features': 'sqrt', 'min_samples_leaf': 2, 'min_samples_split': 2, 'n_estimators': 200}",0.9655172413793104,0.9734513274336283,0.9464285714285714,0.9743589743589743,0.9824561403508771,0.9684424509902723,0.012244552471347163,28
0.12804656028747557,0.031329284817394394,0.01008467674255371,0.0007270503075050036,10,sqrt,2,5,50,"{'max_depth': 10, 'max_features': 'sqrt', 'min_samples_leaf': 2, 'min_samples_split': 5, 'n_estimators': 50}",0.9565217391304348,0.954954954954955,0.9464285714285714,0.9743589743589743,0.9911504424778761,0.9646829364701623,0.01605375465705103,112
0.2478769302368164,0.0474720160024463,0.017958354949951173,0.00496276572687477,10,sqrt,2,5,100,"{'max_depth': 10, 'max_features': 'sqrt', 'min_samples_leaf': 2, 'min_samples_split': 5, 'n_estimators': 100}",0.9739130434782609,0.9734513274336283,0.9464285714285714,0.9661016949152542,0.9911504424778761,0.970209015946718,0.014457907016083786,7
0.4699502468109131,0.09274195136333119,0.029607105255126952,0.007075925126176199,10,sqrt,2,5,200,"{'max_depth': 10, 'max_features': 'sqrt', 'min_samples_leaf': 2, 'min_samples_split': 5, 'n_estimators': 200}",0.9655172413793104,0.9642857142857143,0.9464285714285714,0.9743589743589743,0.9824561403508771,0.9666093283606895,0.012041870702250879,82
0.1193842887878418,0.02952576312291771,0.010158729553222657,0.0013175278124888865,10,sqrt,2,10,50,"{'max_depth': 10, 'max_features': 'sqrt', 'min_samples_leaf': 2, 'min_samples_split': 10, 'n_estimators': 50}",0.9482758620689655,0.954954954954955,0.9369369369369369,0.9743589743589743,0.9739130434782609,0.9576879543596185,0.014613951661593148,160
0.2543798446655273,0.052178179706546916,0.018946123123168946,0.004089392514092161,10,sqrt,2,10,100,"{'max_depth': 10, 'max_features': 'sqrt', 'min_samples_leaf': 2, 'min_samples_split': 10, 'n_estimators': 100}",0.9655172413793104,0.9642857142857143,0.9464285714285714,0.9655172413793104,0.9739130434782609,0.9631323623902335,0.009032665535627303,124
0.4381726264953613,0.01991317366465378,0.025522994995117187,0.0002375084863831936,10,sqrt,2,10,200,"{'max_depth': 10, 'max_features': 'sqrt', 'min_samples_leaf': 2, 'min_samples_split': 10, 'n_estimators': 200}",0.9655172413793104,0.9642857142857143,0.9464285714285714,0.9655172413793104,0.9739130434782609,0.9631323623902335,0.009032665535627303,124
0.11206035614013672,0.01699399248592008,0.009729528427124023,0.001417214099294272,10,sqrt,4,2,50,"{'max_depth': 10, 'max_features': 'sqrt', 'min_samples_leaf': 4, 'min_samples_split': 2, 'n_estimators': 50}",0.9482758620689655,0.954954954954955,0.9464285714285714,0.9743589743589743,0.9824561403508771,0.9612949006324687,0.01448562120906093,151
0.2090757369995117,0.007071522723264068,0.015759897232055665,0.0019189032293867466,10,sqrt,4,2,100,"{'max_depth': 10, 'max_features': 'sqrt', 'min_samples_leaf': 4, 'min_samples_split': 2, 'n_estimators': 100}",0.9565217391304348,0.9642857142857143,0.9464285714285714,0.9661016949152542,0.9824561403508771,0.9631587720221703,0.011885024492543654,118
0.5537144660949707,0.11772875882812522,0.03512835502624512,0.009288942859088534,10,sqrt,4,2,200,"{'max_depth': 10, 'max_features': 'sqrt', 'min_samples_leaf': 4, 'min_samples_split': 2, 'n_estimators': 200}",0.9655172413793104,0.9642857142857143,0.9464285714285714,0.9743589743589743,0.9739130434782609,0.9649007089861662,0.01012580024965875,97
0.10514965057373046,0.0034684305709491246,0.009763050079345702,0.00035877113073389715,10,sqrt,4,5,50,"{'max_depth': 10, 'max_features': 'sqrt', 'min_samples_leaf': 4, 'min_samples_split': 5, 'n_estimators': 50}",0.9482758620689655,0.954954954954955,0.9464285714285714,0.9743589743589743,0.9824561403508771,0.9612949006324687,0.01448562120906093,151
0.22344589233398438,0.030632493761708346,0.016364860534667968,0.0016276492254469858,10,sqrt,4,5,100,"{'max_depth': 10, 'max_features': 'sqrt', 'min_samples_leaf': 4, 'min_samples_split': 5, 'n_estimators': 100}",0.9565217391304348,0.9642857142857143,0.9464285714285714,0.9661016949152542,0.9824561403508771,0.9631587720221703,0.011885024492543654,118
0.4170692443847656,0.019570265992218856,0.02645597457885742,0.0009683831387795895,10,sqrt,4,5,200,"{'max_depth': 10, 'max_features': 'sqrt', 'min_samples_leaf': 4, 'min_samples_split': 5, 'n_estimators': 200}",0.9655172413793104,0.9642857142857143,0.9464285714285714,0.9743589743589743,0.9739130434782609,0.9649007089861662,0.01012580024965875,97
0.10321922302246093,0.0016480570375417935,0.009233808517456055,8.417622439198863e-05,10,sqrt,4,10,50,"{'max_depth': 10, 'max_features': 'sqrt', 'min_samples_leaf': 4, 'min_samples_split': 10, 'n_estimators': 50}",0.9482758620689655,0.954954954954955,0.9464285714285714,0.9743589743589743,0.9911504424778761,0.9630337610578685,0.017190714026065333,133
0.21739511489868163,0.02334420481921706,0.017683076858520507,0.0043835842877360965,10,sqrt,4,10,100,"{'max_depth': 10, 'max_features': 'sqrt', 'min_samples_leaf': 4, 'min_samples_split': 10, 'n_estimators': 100}",0.9565217391304348,0.9642857142857143,0.9464285714285714,0.9572649572649573,0.9824561403508771,0.9613914244921109,0.011972699835204116,145
0.46522979736328124,0.08019626987314152,0.028830528259277344,0.005541261624279475,10,sqrt,4,10,200,"{'max_depth': 10, 'max_features': 'sqrt', 'min_samples_leaf': 4, 'min_samples_split': 10, 'n_estimators': 200}",0.9565217391304348,0.9642857142857143,0.9464285714285714,0.9661016949152542,0.9739130434782609,0.961450152647647,0.009326715019173046,139
0.11740026473999024,0.01649474690500235,0.009497261047363282,0.0002588894947618648,10,log2,1,2,50,"{'max_depth': 10, 'max_features': 'log2', 'min_samples_leaf': 1, 'min_samples_split': 2, 'n_estimators': 50}",0.9739130434782609,0.9734513274336283,0.9380530973451328,0.9743589743589743,0.9827586206896551,0.9685070126611303,0.015610676878028092,19
0.23021230697631836,0.05557737064069131,0.0180267333984375,0.005384248072593295,10,log2,1,2,100,"{'max_depth': 10, 'max_features': 'log2', 'min_samples_leaf': 1, 'min_samples_split': 2, 'n_estimators': 100}",0.9734513274336283,0.9824561403508771,0.9464285714285714,0.9655172413793104,0.9911504424778761,0.9718007446140527,0.01532254727144896,1
0.5177772998809814,0.1145138639644129,0.027583551406860352,0.0029088743560167912,10,log2,1,2,200,"{'max_depth': 10, 'max_features': 'log2', 'min_samples_leaf': 1, 'min_samples_split': 2, 'n_estimators': 200}",0.9649122807017544,0.9734513274336283,0.9464285714285714,0.9743589743589743,0.9824561403508771,0.9683214588547611,0.012275808581364102,43
0.1057544231414795,0.006165427378211784,0.009368991851806641,0.00032591834064807,10,log2,1,5,50,"{'max_depth': 10, 'max_features': 'log2', 'min_samples_leaf': 1, 'min_samples_split': 5, 'n_estimators': 50}",0.9655172413793104,0.9824561403508771,0.9464285714285714,0.9655172413793104,0.9824561403508771,0.9684750669777895,0.013375247705153356,22
0.20565996170043946,0.006380588901884895,0.015054893493652344,0.0003063791139374009,10,log2,1,5,100,"{'max_depth': 10, 'max_features': 'log2', 'min_samples_leaf': 1, 'min_samples_split': 5, 'n_estimators': 100}",0.9739130434782609,0.9734513274336283,0.9464285714285714,0.9655172413793104,0.9824561403508771,0.9683532648141295,0.012202685676891256,40
0.46834430694580076,0.10762732891244678,0.03123641014099121,0.008417528100563803,10,log2,1,5,200,"{'max_depth': 10, 'max_features': 'log2', 'min_samples_leaf': 1, 'min_samples_split': 5, 'n_estimators': 200}",0.9655172413793104,0.9642857142857143,0.9464285714285714,0.9743589743589743,0.9824561403508771,0.9666093283606895,0.012041870702250879,82
0.10960664749145507,0.01600794355443922,0.009450435638427734,0.0002310081893039009,10,log2,1,10,50,"{'max_depth': 10, 'max_features': 'log2', 'min_samples_leaf': 1, 'min_samples_split': 10, 'n_estimators': 50}",0.9655172413793104,0.9824561403508771,0.9464285714285714,0.9655172413793104,0.9739130434782609,0.966766447603266,0.011949816155841772,46
0.24609928131103515,0.057985921909020216,0.018059730529785156,0.0033897123463379445,10,log2,1,10,100,"{'max_depth': 10, 'max_features': 'log2', 'min_samples_leaf': 1, 'min_samples_split': 10, 'n_estimators': 100}",0.9655172413793104,0.9734513274336283,0.9464285714285714,0.9655172413793104,0.9911504424778761,0.9684129648197393,0.014439265697034803,34
0.4359151363372803,0.02771300854010181,0.026147794723510743,0.002438436063956987,10,log2,1,10,200,"{'max_depth': 10, 'max_features': 'log2', 'min_samples_leaf': 1, 'min_samples_split': 10, 'n_estimators': 200}",0.9572649572649573,0.9734513274336283,0.9464285714285714,0.9655172413793104,0.9824561403508771,0.9650236475714689,0.012499082840295278,91
0.10506186485290528,0.0015602969618792404,0.009686708450317383,0.00027972037489788234,10,log2,2,2,50,"{'max_depth': 10, 'max_features': 'log2', 'min_samples_leaf': 2, 'min_samples_split': 2, 'n_estimators': 50}",0.9739130434782609,0.9824561403508771,0.9464285714285714,0.9743589743589743,0.9739130434782609,0.9702139546189888,0.012330152232892286,4
0.2685685634613037,0.07640619075965031,0.021081018447875976,0.008734431838641298,10,log2,2,2,100,"{'max_depth': 10, 'max_features': 'log2', 'min_samples_leaf': 2, 'min_samples_split': 2, 'n_estimators': 100}",0.9655172413793104,0.9734513274336283,0.9464285714285714,0.9743589743589743,0.9739130434782609,0.966733831615749,0.010663885951725073,52
0.4572466850280762,0.019407867074917005,0.026672506332397462,0.0010148575390616218,10,log2,2,2,200,"{'max_depth': 10, 'max_features': 'log2', 'min_samples_leaf': 2, 'min_samples_split': 2, 'n_estimators': 200}",0.9655172413793104,0.9734513274336283,0.9464285714285714,0.9743589743589743,0.9824561403508771,0.9684424509902723,0.012244552471347163,28
0.10142107009887695,0.0003861403459309023,0.009172534942626953,0.000479839092853746,10,log2,2,5,50,"{'max_depth': 10, 'max_features': 'log2', 'min_samples_leaf': 2, 'min_samples_split': 5, 'n_estimators': 50}",0.9655172413793104,0.9824561403508771,0.9464285714285714,0.9655172413793104,0.9824561403508771,0.9684750669777895,0.013375247705153356,22
0.2496513843536377,0.0533561846210095,0.0177736759185791,0.004106227405319593,10,log2,2,5,100,"{'max_depth': 10, 'max_features': 'log2', 'min_samples_leaf': 2, 'min_samples_split': 5, 'n_estimators': 100}",0.9655172413793104,0.9734513274336283,0.9464285714285714,0.9655172413793104,0.9911504424778761,0.9684129648197393,0.014439265697034803,34
0.43903589248657227,0.0578907835437956,0.026309394836425783,0.0006367678768675596,10,log2,2,5,200,"{'max_depth': 10, 'max_features': 'log2', 'min_samples_leaf': 2, 'min_samples_split': 5, 'n_estimators': 200}",0.9655172413793104,0.9734513274336283,0.9464285714285714,0.9743589743589743,0.9911504424778761,0.9701813114156721,0.01451755169529848,10
0.10952048301696778,0.01597981649676464,0.010000324249267578,0.0010139994315061078,10,log2,2,10,50,"{'max_depth': 10, 'max_features': 'log2', 'min_samples_leaf': 2, 'min_samples_split': 10, 'n_estimators': 50}",0.9655172413793104,0.9734513274336283,0.9464285714285714,0.9655172413793104,0.9739130434782609,0.9649654850198163,0.0099628746804233,94
0.23931264877319336,0.07435714682019623,0.01776413917541504,0.004976287289729671,10,log2,2,10,100,"{'max_depth': 10, 'max_features': 'log2', 'min_samples_leaf': 2, 'min_samples_split': 10, 'n_estimators': 100}",0.9655172413793104,0.9734513274336283,0.9464285714285714,0.9655172413793104,0.9824561403508771,0.9666741043943397,0.011895895764479454,64
0.4613306999206543,0.08799423367997392,0.029497146606445312,0.006860744744355272,10,log2,2,10,200,"{'max_depth': 10, 'max_features': 'log2', 'min_samples_leaf': 2, 'min_samples_split': 10, 'n_estimators': 200}",0.9655172413793104,0.9734513274336283,0.9464285714285714,0.9655172413793104,0.9824561403508771,0.9666741043943397,0.011895895764479454,64
0.1112250804901123,0.0157521178591258,0.010142707824707031,0.0007804141128221047,10,log2,4,2,50,"{'max_depth': 10, 'max_features': 'log2', 'min_samples_leaf': 4, 'min_samples_split': 2, 'n_estimators': 50}",0.9655172413793104,0.9734513274336283,0.9464285714285714,0.9655172413793104,0.9824561403508771,0.9666741043943397,0.011895895764479454,64
0.2272029399871826,0.04793991917175114,0.015640878677368165,0.0010825189322896953,10,log2,4,2,100,"{'max_depth': 10, 'max_features': 'log2', 'min_samples_leaf': 4, 'min_samples_split': 2, 'n_estimators': 100}",0.9565217391304348,0.9734513274336283,0.9464285714285714,0.9655172413793104,0.9824561403508771,0.9648750039445645,0.012594523067358226,103
0.4483297824859619,0.11182874828380208,0.03441066741943359,0.01738825170025175,10,log2,4,2,200,"{'max_depth': 10, 'max_features': 'log2', 'min_samples_leaf': 4, 'min_samples_split': 2, 'n_estimators': 200}",0.9655172413793104,0.9734513274336283,0.9464285714285714,0.9743589743589743,0.9739130434782609,0.966733831615749,0.010663885951725073,52
0.11083664894104003,0.018554157337417866,0.00997462272644043,0.0011055239997325769,10,log2,4,5,50,"{'max_depth': 10, 'max_features': 'log2', 'min_samples_leaf': 4, 'min_samples_split': 5, 'n_estimators': 50}",0.9655172413793104,0.9734513274336283,0.9464285714285714,0.9655172413793104,0.9824561403508771,0.9666741043943397,0.011895895764479454,64
0.20337224006652832,0.005994019864236107,0.015818691253662108,0.001498874563927404,10,log2,4,5,100,"{'max_depth': 10, 'max_features': 'log2', 'min_samples_leaf': 4, 'min_samples_split': 5, 'n_estimators': 100}",0.9565217391304348,0.9734513274336283,0.9464285714285714,0.9655172413793104,0.9824561403508771,0.9648750039445645,0.012594523067358226,103
0.46971883773803713,0.11204512414804343,0.031537532806396484,0.008540111443934127,10,log2,4,5,200,"{'max_depth': 10, 'max_features': 'log2', 'min_samples_leaf': 4, 'min_samples_split': 5, 'n_estimators': 200}",0.9655172413793104,0.9734513274336283,0.9464285714285714,0.9743589743589743,0.9739130434782609,0.966733831615749,0.010663885951725073,52
0.11476788520812989,0.030576243174432943,0.00973062515258789,0.0010407628140232667,10,log2,4,10,50,"{'max_depth': 10, 'max_features': 'log2', 'min_samples_leaf': 4, 'min_samples_split': 10, 'n_estimators': 50}",0.9655172413793104,0.9824561403508771,0.9464285714285714,0.9655172413793104,0.9739130434782609,0.966766447603266,0.011949816155841772,46
0.2209010601043701,0.04025049764599983,0.017711114883422852,0.004587618572762575,10,log2,4,10,100,"{'max_depth': 10, 'max_features': 'log2', 'min_samples_leaf': 4, 'min_samples_split': 10, 'n_estimators': 100}",0.9565217391304348,0.9734513274336283,0.9464285714285714,0.9655172413793104,0.9739130434782609,0.9631663845700411,0.01049859949623184,115
0.4739846706390381,0.12299867013866743,0.02958841323852539,0.00564289530487497,10,log2,4,10,200,"{'max_depth': 10, 'max_features': 'log2', 'min_samples_leaf': 4, 'min_samples_split': 10, 'n_estimators': 200}",0.9655172413793104,0.9734513274336283,0.9464285714285714,0.9743589743589743,0.9739130434782609,0.966733831615749,0.010663885951725073,52
0.11247639656066895,0.005538336863650497,0.009497928619384765,0.00039744491268055873,20,sqrt,1,2,50,"{'max_depth': 20, 'max_features': 'sqrt', 'min_samples_leaf': 1, 'min_samples_split': 2, 'n_estimators': 50}",0.9734513274336283,0.9642857142857143,0.9380530973451328,0.9655172413793104,0.9824561403508771,0.9647527041589326,0.014850921187534916,109
0.23895516395568847,0.03042887520460365,0.015192937850952149,0.0005382606485971323,20,sqrt,1,2,100,"{'max_depth': 20, 'max_features': 'sqrt', 'min_samples_leaf': 1, 'min_samples_split': 2, 'n_estimators': 100}",0.9734513274336283,0.9642857142857143,0.9464285714285714,0.9743589743589743,0.9911504424778761,0.9699350059969529,0.01460477812598703,16
0.4828857421875,0.1199096301524966,0.030062198638916016,0.0064615995432668735,20,sqrt,1,2,200,"{'max_depth': 20, 'max_features': 'sqrt', 'min_samples_leaf': 1, 'min_samples_split': 2, 'n_estimators': 200}",0.9739130434782609,0.9642857142857143,0.9464285714285714,0.9743589743589743,0.9911504424778761,0.9700273492058795,0.014628160171135949,13
0.10607967376708985,0.002050024711325959,0.009227180480957031,0.00018753882373063693,20,sqrt,1,5,50,"{'max_depth': 20, 'max_features': 'sqrt', 'min_samples_leaf': 1, 'min_samples_split': 5, 'n_estimators': 50}",0.9482758620689655,0.9642857142857143,0.9464285714285714,0.9655172413793104,0.9824561403508771,0.9613927059026878,0.013153147713555462,142
0.240204381942749,0.05154702536702014,0.014975261688232423,0.00023617183652458742,20,sqrt,1,5,100,"{'max_depth': 20, 'max_features': 'sqrt', 'min_samples_leaf': 1, 'min_samples_split': 5, 'n_estimators': 100}",0.9565217391304348,0.9734513274336283,0.9464285714285714,0.9743589743589743,0.9824561403508771,0.9666433505404971,0.013168204387487089,76
0.4404569625854492,0.03198114169694795,0.02581615447998047,0.0008416758752147666,20,sqrt,1,5,200,"{'max_depth': 20, 'max_features': 'sqrt', 'min_samples_leaf': 1, 'min_samples_split': 5, 'n_estimators': 200}",0.9565217391304348,0.9734513274336283,0.9464285714285714,0.9743589743589743,0.9824561403508771,0.9666433505404971,0.013168204387487089,76
0.10782098770141602,0.0034908461115703672,0.009509515762329102,0.00034146506331977976,20,sqrt,1,10,50,"{'max_depth': 20, 'max_features': 'sqrt', 'min_samples_leaf': 1, 'min_samples_split': 10, 'n_estimators': 50}",0.9565217391304348,0.954954954954955,0.9464285714285714,0.9655172413793104,0.9739130434782609,0.9594671100743065,0.009426848089936482,157
0.21074800491333007,0.003153816902384529,0.015529584884643555,0.000700763404912122,20,sqrt,1,10,100,"{'max_depth': 20, 'max_features': 'sqrt', 'min_samples_leaf': 1, 'min_samples_split': 10, 'n_estimators': 100}",0.9565217391304348,0.9642857142857143,0.9464285714285714,0.9655172413793104,0.9739130434782609,0.9613332619404582,0.0092711823770336,148
0.5299839019775391,0.10020903093499754,0.03463521003723145,0.008782963178496871,20,sqrt,1,10,200,"{'max_depth': 20, 'max_features': 'sqrt', 'min_samples_leaf': 1, 'min_samples_split': 10, 'n_estimators': 200}",0.9655172413793104,0.9642857142857143,0.9464285714285714,0.9655172413793104,0.9739130434782609,0.9631323623902335,0.009032665535627303,124
0.10694222450256348,0.004229634321673354,0.009432029724121094,0.0001818065967375092,20,sqrt,2,2,50,"{'max_depth': 20, 'max_features': 'sqrt', 'min_samples_leaf': 2, 'min_samples_split': 2, 'n_estimators': 50}",0.9565217391304348,0.954954954954955,0.9369369369369369,0.9743589743589743,0.9911504424778761,0.9627846095718354,0.018478179644680744,136
0.23302121162414552,0.05149310575692072,0.01688380241394043,0.002994854833544637,20,sqrt,2,2,100,"{'max_depth': 20, 'max_features': 'sqrt', 'min_samples_leaf': 2, 'min_samples_split': 2, 'n_estimators': 100}",0.9649122807017544,0.9642857142857143,0.9464285714285714,0.9743589743589743,0.9824561403508771,0.9664883362251782,0.012055267490571597,88
0.43756699562072754,0.013030296130368777,0.027444744110107423,0.0013292718875099756,20,sqrt,2,2,200,"{'max_depth': 20, 'max_features': 'sqrt', 'min_samples_leaf': 2, 'min_samples_split': 2, 'n_estimators': 200}",0.9655172413793104,0.9734513274336283,0.9464285714285714,0.9743589743589743,0.9824561403508771,0.9684424509902723,0.012244552471347163,28
0.11595706939697266,0.008637991900564846,0.013666009902954102,0.007659913664201184,20,sqrt,2,5,50,"{'max_depth': 20, 'max_features': 'sqrt', 'min_samples_leaf': 2, 'min_samples_split': 5, 'n_estimators': 50}",0.9565217391304348,0.954954954954955,0.9464285714285714,0.9743589743589743,0.9911504424778761,0.9646829364701623,0.01605375465705103,112
0.24204959869384765,0.014373288076606358,0.016031265258789062,0.001083918020598621,20,sqrt,2,5,100,"{'max_depth': 20, 'max_features': 'sqrt', 'min_samples_leaf': 2, 'min_samples_split': 5, 'n_estimators': 100}",0.9739130434782609,0.9734513274336283,0.9464285714285714,0.9661016949152542,0.9911504424778761,0.970209015946718,0.014457907016083786,7
0.5428716659545898,0.07877216898192148,0.036578035354614256,0.00930469060584571,20,sqrt,2,5,200,"{'max_depth': 20, 'max_features': 'sqrt', 'min_samples_leaf': 2, 'min_samples_split': 5, 'n_estimators': 200}",0.9655172413793104,0.9642857142857143,0.9464285714285714,0.9743589743589743,0.9824561403508771,0.9666093283606895,0.012041870702250879,82
0.11586971282958984,0.011475562937765122,0.01057295799255371,0.0011033187689537365,20,sqrt,2,10,50,"{'max_depth': 20, 'max_features': 'sqrt', 'min_samples_leaf': 2, 'min_samples_split': 10, 'n_estimators': 50}",0.9482758620689655,0.954954954954955,0.9369369369369369,0.9743589743589743,0.9739130434782609,0.9576879543596185,0.014613951661593148,160
0.21286845207214355,0.003984113850029805,0.01530609130859375,0.0004164635957236844,20,sqrt,2,10,100,"{'max_depth': 20, 'max_features': 'sqrt', 'min_samples_leaf': 2, 'min_samples_split': 10, 'n_estimators': 100}",0.9655172413793104,0.9642857142857143,0.9464285714285714,0.9655172413793104,0.9739130434782609,0.9631323623902335,0.009032665535627303,124
0.4343107223510742,0.015935430623613227,0.02767796516418457,0.00063690001292001,20,sqrt,2,10,200,"{'max_depth': 20, 'max_features': 'sqrt', 'min_samples_leaf': 2, 'min_samples_split': 10, 'n_estimators': 200}",0.9655172413793104,0.9642857142857143,0.9464285714285714,0.9655172413793104,0.9739130434782609,0.9631323623902335,0.009032665535627303,124
0.12652902603149413,0.02693226252264598,0.010506200790405273,0.0013032803558726885,20,sqrt,4,2,50,"{'max_depth': 20, 'max_features': 'sqrt', 'min_samples_leaf': 4, 'min_samples_split': 2, 'n_estimators': 50}",0.9482758620689655,0.954954954954955,0.9464285714285714,0.9743589743589743,0.9824561403508771,0.9612949006324687,0.01448562120906093,151
0.24198808670043945,0.05205859771629123,0.018761968612670897,0.004852154147438517,20,sqrt,4,2,100,"{'max_depth': 20, 'max_features': 'sqrt', 'min_samples_leaf': 4, 'min_samples_split': 2, 'n_estimators': 100}",0.9565217391304348,0.9642857142857143,0.9464285714285714,0.9661016949152542,0.9824561403508771,0.9631587720221703,0.011885024492543654,118
0.45490288734436035,0.04102208166386533,0.027062034606933592,0.0008140622926863172,20,sqrt,4,2,200,"{'max_depth': 20, 'max_features': 'sqrt', 'min_samples_leaf': 4, 'min_samples_split': 2, 'n_estimators': 200}",0.9655172413793104,0.9642857142857143,0.9464285714285714,0.9743589743589743,0.9739130434782609,0.9649007089861662,0.01012580024965875,97
0.12721214294433594,0.02162599218090641,0.012464618682861328,0.003486383479243895,20,sqrt,4,5,50,"{'max_depth': 20, 'max_features': 'sqrt', 'min_samples_leaf': 4, 'min_samples_split': 5, 'n_estimators': 50}",0.9482758620689655,0.954954954954955,0.9464285714285714,0.9743589743589743,0.9824561403508771,0.9612949006324687,0.01448562120906093,151
0.23519840240478515,0.035024493318797575,0.017942380905151368,0.0020109192182807514,20,sqrt,4,5,100,"{'max_depth': 20, 'max_features': 'sqrt', 'min_samples_leaf': 4, 'min_samples_split': 5, 'n_estimators': 100}",0.9565217391304348,0.9642857142857143,0.9464285714285714,0.9661016949152542,0.9824561403508771,0.9631587720221703,0.011885024492543654,118
0.518191146850586,0.11375507146992776,0.031947660446166995,0.009879244424108934,20,sqrt,4,5,200,"{'max_depth': 20, 'max_features': 'sqrt', 'min_samples_leaf': 4, 'min_samples_split': 5, 'n_estimators': 200}",0.9655172413793104,0.9642857142857143,0.9464285714285714,0.9743589743589743,0.9739130434782609,0.9649007089861662,0.01012580024965875,97
0.12260241508483886,0.02673893746109591,0.010446405410766602,0.0013716523473641467,20,sqrt,4,10,50,"{'max_depth': 20, 'max_features': 'sqrt', 'min_samples_leaf': 4, 'min_samples_split': 10, 'n_estimators': 50}",0.9482758620689655,0.954954954954955,0.9464285714285714,0.9743589743589743,0.9911504424778761,0.9630337610578685,0.017190714026065333,133
0.23080482482910156,0.02686508542234483,0.015503787994384765,0.00035355192626507903,20,sqrt,4,10,100,"{'max_depth': 20, 'max_features': 'sqrt', 'min_samples_leaf': 4, 'min_samples_split': 10, 'n_estimators': 100}",0.9565217391304348,0.9642857142857143,0.9464285714285714,0.9572649572649573,0.9824561403508771,0.9613914244921109,0.011972699835204116,145
0.4687777519226074,0.08893607425262598,0.03080639839172363,0.0050911283529462845,20,sqrt,4,10,200,"{'max_depth': 20, 'max_features': 'sqrt', 'min_samples_leaf': 4, 'min_samples_split': 10, 'n_estimators': 200}",0.9565217391304348,0.9642857142857143,0.9464285714285714,0.9661016949152542,0.9739130434782609,0.961450152647647,0.009326715019173046,139
0.11082777976989747,0.004096210669536516,0.01006784439086914,0.00043492514552649495,20,log2,1,2,50,"{'max_depth': 20, 'max_features': 'log2', 'min_samples_leaf': 1, 'min_samples_split': 2, 'n_estimators': 50}",0.9739130434782609,0.9734513274336283,0.9380530973451328,0.9743589743589743,0.9827586206896551,0.9685070126611303,0.015610676878028092,19
0.23287482261657716,0.04818783397174704,0.017097616195678712,0.003561997562286804,20,log2,1,2,100,"{'max_depth': 20, 'max_features': 'log2', 'min_samples_leaf': 1, 'min_samples_split': 2, 'n_estimators': 100}",0.9734513274336283,0.9824561403508771,0.9464285714285714,0.9655172413793104,0.9911504424778761,0.9718007446140527,0.01532254727144896,1
0.4725043296813965,0.09859351291070304,0.029844188690185548,0.0037816803658177914,20,log2,1,2,200,"{'max_depth': 20, 'max_features': 'log2', 'min_samples_leaf': 1, 'min_samples_split': 2, 'n_estimators': 200}",0.9649122807017544,0.9734513274336283,0.9464285714285714,0.9743589743589743,0.9824561403508771,0.9683214588547611,0.012275808581364102,43
0.10717105865478516,0.003918397711645757,0.009885931015014648,0.00022494105468538845,20,log2,1,5,50,"{'max_depth': 20, 'max_features': 'log2', 'min_samples_leaf': 1, 'min_samples_split': 5, 'n_estimators': 50}",0.9655172413793104,0.9824561403508771,0.9464285714285714,0.9655172413793104,0.9824561403508771,0.9684750669777895,0.013375247705153356,22
0.25829200744628905,0.048910655168907316,0.019311237335205077,0.004807332745253741,20,log2,1,5,100,"{'max_depth': 20, 'max_features': 'log2', 'min_samples_leaf': 1, 'min_samples_split': 5, 'n_estimators': 100}",0.9739130434782609,0.9734513274336283,0.9464285714285714,0.9655172413793104,0.9824561403508771,0.9683532648141295,0.012202685676891256,40
0.4207143783569336,0.003577791507546426,0.027227306365966798,0.0005750715158959809,20,log2,1,5,200,"{'max_depth': 20, 'max_features': 'log2', 'min_samples_leaf': 1, 'min_samples_split': 5, 'n_estimators': 200}",0.9655172413793104,0.9642857142857143,0.9464285714285714,0.9743589743589743,0.9824561403508771,0.9666093283606895,0.012041870702250879,82
0.11771135330200196,0.022922496530306775,0.011078834533691406,0.0022265884373051732,20,log2,1,10,50,"{'max_depth': 20, 'max_features': 'log2', 'min_samples_leaf': 1, 'min_samples_split': 10, 'n_estimators': 50}",0.9655172413793104,0.9824561403508771,0.9464285714285714,0.9655172413793104,0.9739130434782609,0.966766447603266,0.011949816155841772,46
0.23228578567504882,0.03756325790957896,0.018806028366088866,0.005933888459527831,20,log2,1,10,100,"{'max_depth': 20, 'max_features': 'log2', 'min_samples_leaf': 1, 'min_samples_split': 10, 'n_estimators': 100}",0.9655172413793104,0.9734513274336283,0.9464285714285714,0.9655172413793104,0.9911504424778761,0.9684129648197393,0.014439265697034803,34
0.5341289520263672,0.13719427649920207,0.03484959602355957,0.00979852827037696,20,log2,1,10,200,"{'max_depth': 20, 'max_features': 'log2', 'min_samples_leaf': 1, 'min_samples_split': 10, 'n_estimators': 200}",0.9572649572649573,0.9734513274336283,0.9464285714285714,0.9655172413793104,0.9824561403508771,0.9650236475714689,0.012499082840295278,91
0.10791339874267578,0.0034718850586968803,0.009828901290893555,4.92816681870639e-05,20,log2,2,2,50,"{'max_depth': 20, 'max_features': 'log2', 'min_samples_leaf': 2, 'min_samples_split': 2, 'n_estimators': 50}",0.9739130434782609,0.9824561403508771,0.9464285714285714,0.9743589743589743,0.9739130434782609,0.9702139546189888,0.012330152232892286,4
0.229125452041626,0.032735076485993414,0.016610383987426758,0.0015317551296537679,20,log2,2,2,100,"{'max_depth': 20, 'max_features': 'log2', 'min_samples_leaf': 2, 'min_samples_split': 2, 'n_estimators': 100}",0.9655172413793104,0.9734513274336283,0.9464285714285714,0.9743589743589743,0.9739130434782609,0.966733831615749,0.010663885951725073,52
0.41752028465270996,0.004143677649314045,0.03763875961303711,0.012546570825660424,20,log2,2,2,200,"{'max_depth': 20, 'max_features': 'log2', 'min_samples_leaf': 2, 'min_samples_split': 2, 'n_estimators': 200}",0.9655172413793104,0.9734513274336283,0.9464285714285714,0.9743589743589743,0.9824561403508771,0.9684424509902723,0.012244552471347163,28
0.11875104904174805,0.023944296213781947,0.010944795608520509,0.0017670414657350447,20,log2,2,5,50,"{'max_depth': 20, 'max_features': 'log2', 'min_samples_leaf': 2, 'min_samples_split': 5, 'n_estimators': 50}",0.9655172413793104,0.9824561403508771,0.9464285714285714,0.9655172413793104,0.9824561403508771,0.9684750669777895,0.013375247705153356,22
0.2551910400390625,0.04232119639648207,0.022331905364990235,0.013554251209805518,20,log2,2,5,100,"{'max_depth': 20, 'max_features': 'log2', 'min_samples_leaf': 2, 'min_samples_split': 5, 'n_estimators': 100}",0.9655172413793104,0.9734513274336283,0.9464285714285714,0.9655172413793104,0.9911504424778761,0.9684129648197393,0.014439265697034803,34
0.42808732986450193,0.011594171053308538,0.02748427391052246,0.0006603807754752365,20,log2,2,5,200,"{'max_depth': 20, 'max_features': 'log2', 'min_samples_leaf': 2, 'min_samples_split': 5, 'n_estimators': 200}",0.9655172413793104,0.9734513274336283,0.9464285714285714,0.9743589743589743,0.9911504424778761,0.9701813114156721,0.01451755169529848,10
0.11576290130615234,0.012124073266658587,0.010478496551513672,0.0007766630624418444,20,log2,2,10,50,"{'max_depth': 20, 'max_features': 'log2', 'min_samples_leaf': 2, 'min_samples_split': 10, 'n_estimators': 50}",0.9655172413793104,0.9734513274336283,0.9464285714285714,0.9655172413793104,0.9739130434782609,0.9649654850198163,0.0099628746804233,94
0.2700525760650635,0.08225629755985812,0.016127252578735353,0.0008698612067993055,20,log2,2,10,100,"{'max_depth': 20, 'max_features': 'log2', 'min_samples_leaf': 2, 'min_samples_split': 10, 'n_estimators': 100}",0.9655172413793104,0.9734513274336283,0.9464285714285714,0.9655172413793104,0.9824561403508771,0.9666741043943397,0.011895895764479454,64
0.45796680450439453,0.0657663364474775,0.028213977813720703,0.0023454892330827047,20,log2,2,10,200,"{'max_depth': 20, 'max_features': 'log2', 'min_samples_leaf': 2, 'min_samples_split': 10, 'n_estimators': 200}",0.9655172413793104,0.9734513274336283,0.9464285714285714,0.9655172413793104,0.9824561403508771,0.9666741043943397,0.011895895764479454,64
0.11111383438110352,0.012544079875078709,0.010218620300292969,0.0006810300907827328,20,log2,4,2,50,"{'max_depth': 20, 'max_features': 'log2', 'min_samples_leaf': 4, 'min_samples_split': 2, 'n_estimators': 50}",0.9655172413793104,0.9734513274336283,0.9464285714285714,0.9655172413793104,0.9824561403508771,0.9666741043943397,0.011895895764479454,64
0.2120988368988037,0.006321852320959202,0.015694570541381837,0.00045221873025129785,20,log2,4,2,100,"{'max_depth': 20, 'max_features': 'log2', 'min_samples_leaf': 4, 'min_samples_split': 2, 'n_estimators': 100}",0.9565217391304348,0.9734513274336283,0.9464285714285714,0.9655172413793104,0.9824561403508771,0.9648750039445645,0.012594523067358226,103
0.4733262538909912,0.09666094974049054,0.027709197998046876,0.001298655625811899,20,log2,4,2,200,"{'max_depth': 20, 'max_features': 'log2', 'min_samples_leaf': 4, 'min_samples_split': 2, 'n_estimators': 200}",0.9655172413793104,0.9734513274336283,0.9464285714285714,0.9743589743589743,0.9739130434782609,0.966733831615749,0.010663885951725073,52
0.11830334663391114,0.017183886928030283,0.010331392288208008,0.00047458515051298,20,log2,4,5,50,"{'max_depth': 20, 'max_features': 'log2', 'min_samples_leaf': 4, 'min_samples_split': 5, 'n_estimators': 50}",0.9655172413793104,0.9734513274336283,0.9464285714285714,0.9655172413793104,0.9824561403508771,0.9666741043943397,0.011895895764479454,64
0.2258131504058838,0.031006074863961827,0.016988706588745118,0.002360209097045367,20,log2,4,5,100,"{'max_depth': 20, 'max_features': 'log2', 'min_samples_leaf': 4, 'min_samples_split': 5, 'n_estimators': 100}",0.9565217391304348,0.9734513274336283,0.9464285714285714,0.9655172413793104,0.9824561403508771,0.9648750039445645,0.012594523067358226,103
0.42258596420288086,0.011908585310833074,0.023827457427978517,0.004381013096592354,20,log2,4,5,200,"{'max_depth': 20, 'max_features': 'log2', 'min_samples_leaf': 4, 'min_samples_split': 5, 'n_estimators': 200}",0.9655172413793104,0.9734513274336283,0.9464285714285714,0.9743589743589743,0.9739130434782609,0.966733831615749,0.010663885951725073,52
0.13087363243103028,0.024802025400733004,0.012726020812988282,0.00340927275690721,20,log2,4,10,50,"{'max_depth': 20, 'max_features': 'log2', 'min_samples_leaf': 4, 'min_samples_split': 10, 'n_estimators': 50}",0.9655172413793104,0.9824561403508771,0.9464285714285714,0.9655172413793104,0.9739130434782609,0.966766447603266,0.011949816155841772,46
0.21228551864624023,0.00190975837476111,0.017267513275146484,0.0013196121071688642,20,log2,4,10,100,"{'max_depth': 20, 'max_features': 'log2', 'min_samples_leaf': 4, 'min_samples_split': 10, 'n_estimators': 100}",0.9565217391304348,0.9734513274336283,0.9464285714285714,0.9655172413793104,0.9739130434782609,0.9631663845700411,0.01049859949623184,115
0.3589648723602295,0.013046416722528145,0.017699337005615233,0.001935613715359524,20,log2,4,10,200,"{'max_depth': 20, 'max_features': 'log2', 'min_samples_leaf': 4, 'min_samples_split': 10, 'n_estimators': 200}",0.9655172413793104,0.9734513274336283,0.9464285714285714,0.9743589743589743,0.9739130434782609,0.966733831615749,0.010663885951725073,52
